date,symbol,Open,High,Low,Close,Volume
2025-01-02,^CRSLDX,22521.75,22833.3496,22482.6992,22819.75,18525200
2025-01-03,^CRSLDX,22850.0996,22867.8496,22681.3008,22708.1504,22010400
2025-01-06,^CRSLDX,22753.6504,22757.4004,22163.5508,22225.4004,24961500
2025-01-07,^CRSLDX,22278.1504,22435.5,22247.75,22341.6504,19294300
2025-01-08,^CRSLDX,22378.1504,22384.25,22065.1992,22231.8008,19023200
2025-01-09,^CRSLDX,22231.0508,22239.1992,22028.5,22046.5508,16939500
2025-01-10,^CRSLDX,22049.4004,22075.4004,21738.4492,21799.0,19746200
2025-01-13,^CRSLDX,21557.0,21630.5508,21194.4492,21243.4492,26118000
2025-01-14,^CRSLDX,21328.0,21528.6992,21325.0,21481.0508,25453100
2025-01-15,^CRSLDX,21572.4492,21634.5996,21445.4004,21551.1992,30942300
2025-01-16,^CRSLDX,21734.4004,21776.3496,21687.4492,21714.5508,22356500
2025-01-17,^CRSLDX,21699.4492,21730.8496,21563.8008,21680.25,20140800
2025-01-20,^CRSLDX,21769.9492,21848.9492,21628.5,21809.0,35051300
2025-01-21,^CRSLDX,21855.0996,21863.0508,21411.3008,21433.1992,23319600
2025-01-22,^CRSLDX,21484.4492,21500.3008,21178.8008,21396.5508,20884100
2025-01-23,^CRSLDX,21377.8008,21595.0,21338.9492,21538.0508,18373700
2025-01-24,^CRSLDX,21533.0508,21611.1992,21279.0,21318.9004,17534800
2025-01-27,^CRSLDX,21158.8496,21163.0,20861.1504,20910.9492,23045500
2025-01-28,^CRSLDX,21009.1992,21100.4492,20757.9004,20924.75,24931900
2025-01-29,^CRSLDX,20971.4004,21259.8496,20968.3496,21245.5,18562800
2025-01-30,^CRSLDX,21282.0996,21404.1992,21209.5996,21297.5,19976300
2025-01-31,^CRSLDX,21339.3496,21613.0,21310.3008,21580.9004,22528800
2025-02-03,^CRSLDX,21422.8496,21445.9492,21286.6992,21402.5508,22552300
2025-02-04,^CRSLDX,21551.4004,21743.5508,21474.4492,21727.4492,21541600
2025-02-05,^CRSLDX,21797.6992,21870.4004,21763.6992,21784.25,19686800
2025-02-06,^CRSLDX,21860.0996,21870.9004,21620.1504,21672.4492,15731100
2025-02-07,^CRSLDX,21703.75,21765.1504,21521.75,21646.1504,21144700
2025-02-10,^CRSLDX,21636.1992,21659.25,21301.8496,21371.3008,14732900
2025-02-11,^CRSLDX,21366.25,21376.4492,20860.5996,20950.4492,17841200
2025-02-12,^CRSLDX,20924.1504,21002.0,20545.75,20907.8496,25437300
2025-02-13,^CRSLDX,20926.0,21122.0,20866.5,20904.3496,21300900
2025-02-14,^CRSLDX,20964.5996,20984.6992,20476.6504,20633.0996,20478700
2025-02-17,^CRSLDX,20511.0508,20667.5508,20339.0,20652.3496,20032500
2025-02-18,^CRSLDX,20663.5996,20692.3008,20466.75,20611.4004,17246500
2025-02-19,^CRSLDX,20511.1992,20802.5508,20459.1992,20731.4492,17911800
2025-02-20,^CRSLDX,20645.6992,20840.3496,20630.1992,20831.0996,16457500
2025-02-21,^CRSLDX,20792.0508,20903.3496,20616.5996,20690.25,18388600
2025-02-24,^CRSLDX,20510.9492,20546.0508,20429.3008,20468.4492,14421900
2025-02-25,^CRSLDX,20445.5508,20548.9004,20388.75,20418.75,14456600
2025-02-27,^CRSLDX,20436.5,20471.8496,20278.6504,20315.5508,19186000
2025-02-28,^CRSLDX,20185.4004,20197.8496,19816.0,19880.9004,30278900
2025-03-03,^CRSLDX,19935.5508,19997.0508,19658.3008,19896.9492,23646800
2025-03-04,^CRSLDX,19736.0508,19957.5,19681.6504,19917.8496,20948400
2025-03-05,^CRSLDX,19901.5996,20265.0508,19901.5996,20256.5,21587800
2025-03-06,^CRSLDX,20411.4492,20467.1504,20262.75,20447.0996,20745100
2025-03-07,^CRSLDX,20428.1504,20549.1992,20377.5996,20443.4004,20185700
2025-03-10,^CRSLDX,20434.9492,20543.6992,20230.6504,20266.5,19956800
2025-03-11,^CRSLDX,20122.5508,20333.75,20073.4004,20302.5,20069200
2025-03-12,^CRSLDX,20351.9004,20397.9492,20108.6992,20264.3496,21523800
2025-03-13,^CRSLDX,20337.8496,20357.3008,20157.5,20176.0508,17909600
2025-03-17,^CRSLDX,20166.5996,20358.25,20166.5,20288.3008,16660700
2025-03-18,^CRSLDX,20418.5508,20676.9492,20370.1992,20657.1992,19459200
2025-03-19,^CRSLDX,20713.25,20895.25,20664.0,20864.5,27508900
2025-03-20,^CRSLDX,20989.3496,21092.1992,20873.5508,21070.0508,23160400
2025-03-21,^CRSLDX,21065.25,21297.0,21031.4492,21273.9004,35583500
2025-03-24,^CRSLDX,21427.1992,21595.8496,21346.8008,21538.0996,26092800
2025-03-25,^CRSLDX,21652.8496,21674.0508,21385.8008,21437.75,24379900
2025-03-26,^CRSLDX,21464.9492,21525.5996,21255.6992,21275.4492,24408400
2025-03-27,^CRSLDX,21218.4004,21447.9004,21195.6992,21407.9492,43467600
2025-03-28,^CRSLDX,21439.1992,21514.0996,21277.9004,21339.5508,27734100
2025-04-01,^CRSLDX,21227.0996,21398.3496,21042.4492,21070.75,38874700
2025-04-02,^CRSLDX,21101.8496,21279.0996,21007.1504,21265.6504,25689200
2025-04-03,^CRSLDX,21100.5508,21263.4492,21096.75,21243.4004,24356500
2025-04-04,^CRSLDX,21199.1992,21212.0996,20736.8008,20805.3496,25372000
2025-04-07,^CRSLDX,19524.25,20189.3496,19519.8496,20105.6992,31899200
2025-04-08,^CRSLDX,20430.0996,20588.4004,20227.1504,20480.8008,24101600
2025-04-09,^CRSLDX,20422.9492,20423.25,20252.3496,20356.75,20686300
2025-04-11,^CRSLDX,20684.8496,20817.5,20629.0,20752.8496,22159500
2025-04-15,^CRSLDX,21199.0508,21302.75,21067.5996,21279.4004,23092700
2025-04-16,^CRSLDX,21302.75,21414.8496,21246.4004,21404.3496,23069300
2025-04-17,^CRSLDX,21379.3496,21704.0996,21296.3496,21681.5508,24530900
2025-04-21,^CRSLDX,21787.0508,22033.75,21732.4492,22005.75,33200
2025-04-22,^CRSLDX,22072.0,22157.9492,21953.4004,22085.1504,28400500
2025-04-23,^CRSLDX,22238.5996,22263.8496,21988.3496,22237.5996,26262000
2025-04-24,^CRSLDX,22217.6504,22270.1504,22155.4004,22180.6504,24349800
2025-04-25,^CRSLDX,22220.3008,22271.8496,21661.5996,21848.1504,40982400
2025-04-28,^CRSLDX,21843.4492,22125.4492,21841.4004,22101.8496,20254000
2025-04-29,^CRSLDX,22160.75,22255.9004,22084.5508,22112.4004,21891800
2025-04-30,^CRSLDX,22119.1992,22175.0,21920.5508,22030.0508,21908500
2025-05-02,^CRSLDX,22009.9492,22238.9004,21920.8496,22006.0,21060500
2025-05-05,^CRSLDX,22086.25,22209.9492,22070.9492,22195.1504,18176200
2025-05-06,^CRSLDX,22235.5996,22244.5,21916.9004,21956.5996,23813700
2025-05-07,^CRSLDX,21756.8008,22084.6992,21752.9004,22072.4492,23862400
2025-05-08,^CRSLDX,22109.3496,22145.1992,21730.5508,21843.0508,24556600
2025-05-09,^CRSLDX,21463.75,21716.0508,21463.75,21675.5508,28601400
2025-05-12,^CRSLDX,22149.4004,22525.0,22126.4004,22511.4004,29453500
2025-05-13,^CRSLDX,22491.5,22575.6992,22317.5,22349.4004,25880300
2025-05-14,^CRSLDX,22402.6504,22544.9004,22366.4004,22499.5,25396000
2025-05-15,^CRSLDX,22547.0508,22814.0996,22408.6504,22788.8008,28758400
2025-05-16,^CRSLDX,22825.5508,22885.3496,22750.3496,22870.9004,32136800
2025-05-19,^CRSLDX,22896.25,22965.0508,22827.6504,22865.8008,38611100
2025-05-20,^CRSLDX,22942.6504,22958.5996,22565.5508,22585.5996,28729600
2025-05-21,^CRSLDX,22632.4004,22811.9492,22577.4004,22730.6504,24227900
2025-05-22,^CRSLDX,22674.0,22675.3496,22464.4492,22595.0,24519900
2025-05-23,^CRSLDX,22628.75,22813.25,22580.8008,22781.0508,25499400
2025-05-26,^CRSLDX,22852.6992,22970.6992,22845.4004,22908.3008,24898200
2025-05-27,^CRSLDX,22895.0508,22963.0996,22721.8008,22816.5,24659100
2025-05-28,^CRSLDX,22843.25,22871.1992,22765.6992,22779.4004,32991400
2025-05-29,^CRSLDX,22859.4492,22899.1504,22750.1504,22861.3496,26181000
2025-05-30,^CRSLDX,22868.25,22912.3008,22759.1504,22801.9492,52128200
2025-06-02,^CRSLDX,22758.5996,22863.3496,22664.1504,22834.5,38899400
2025-06-03,^CRSLDX,22906.1992,22946.1504,22691.25,22711.3008,45435500
2025-06-04,^CRSLDX,22742.1992,22823.9492,22667.9004,22807.8496,31514700
2025-06-05,^CRSLDX,22879.1992,23026.3008,22828.8496,22934.5,25523800
2025-06-06,^CRSLDX,22962.0,23180.3496,22891.5996,23165.0996,29178900
2025-06-09,^CRSLDX,23308.6504,23335.3496,23254.5508,23330.5508,31805600
2025-06-10,^CRSLDX,23422.3008,23423.8008,23287.3496,23339.9492,30820100
2025-06-11,^CRSLDX,23376.5996,23423.5996,23271.4004,23337.8496,35796300
2025-06-12,^CRSLDX,23363.5,23370.3008,23009.6504,23046.4492,25762100
2025-06-13,^CRSLDX,22631.6992,22932.25,22631.6992,22906.1992,25533300
2025-06-16,^CRSLDX,22914.8496,23106.6992,22789.4004,23095.0508,23518500
2025-06-17,^CRSLDX,23126.8008,23128.5,22959.1504,22981.5,29479900
2025-06-18,^CRSLDX,22937.75,23066.8496,22868.3496,22925.1992,19507700
2025-06-19,^CRSLDX,22921.5996,22973.1504,22712.5508,22763.5,23853000
2025-06-20,^CRSLDX,22760.6504,23064.6992,22760.5996,23041.0996,32449300
2025-06-23,^CRSLDX,22880.3496,23063.3496,22837.8008,23001.5,20840000
2025-06-24,^CRSLDX,23212.3008,23307.9492,23074.25,23113.1992,31040600
2025-06-25,^CRSLDX,23216.1504,23303.6504,23190.8496,23296.8496,30406900
2025-06-26,^CRSLDX,23341.1992,23529.6504,23319.8496,23517.5508,29163000
2025-06-27,^CRSLDX,23566.6992,23644.3496,23538.5508,23620.1504,34232800
2025-06-30,^CRSLDX,23672.3496,23677.5508,23563.0,23617.1992,24613500
2025-07-01,^CRSLDX,23659.75,23669.9492,23558.9004,23615.4492,25642800
2025-07-02,^CRSLDX,23653.0508,23669.3008,23463.8496,23547.25,26194600
2025-07-03,^CRSLDX,23591.8008,23647.0996,23503.5508,23521.8496,23572100
2025-07-04,^CRSLDX,23553.4492,23570.9004,23448.9004,23562.4492,18787000
2025-07-07,^CRSLDX,23561.5996,23595.3008,23506.5,23551.1992,24223800
2025-07-08,^CRSLDX,23540.5996,23600.3496,23469.9492,23572.5508,29300500
2025-07-09,^CRSLDX,23576.4492,23613.9004,23513.8496,23557.4492,23483000
2025-07-10,^CRSLDX,23595.8496,23605.5,23444.9492,23471.4004,20223100
2025-07-11,^CRSLDX,23408.8008,23462.3496,23256.3008,23282.6992,22318700
2025-07-14,^CRSLDX,23290.1504,23329.1992,23200.0996,23309.0508,39977700
2025-07-15,^CRSLDX,23334.5508,23469.4492,23332.8008,23449.1504,27090700
2025-07-16,^CRSLDX,23458.9004,23502.9004,23403.5,23472.5,28588900
2025-07-17,^CRSLDX,23507.6504,23514.6992,23409.0508,23419.6992,21951000
2025-07-18,^CRSLDX,23430.0,23449.4492,23240.8496,23275.1504,19710600
2025-07-21,^CRSLDX,23296.75,23394.5,23184.9004,23378.4492,17595400
2025-07-22,^CRSLDX,23449.75,23456.0,23306.4004,23320.9004,20318100
2025-07-23,^CRSLDX,23382.4004,23435.5508,23296.0,23428.4004,19959600
2025-07-24,^CRSLDX,23447.3496,23449.4004,23257.5996,23301.0996,19690700
2025-07-25,^CRSLDX,23255.25,23255.25,22993.0,23014.8008,21958300
2025-07-28,^CRSLDX,22967.4004,23094.8496,22818.1504,22846.9492,20263600
2025-07-29,^CRSLDX,22793.0,23024.1504,22777.6992,23007.3496,17358000
2025-07-30,^CRSLDX,23064.25,23070.3496,22959.4492,23033.5508,16971600
2025-07-31,^CRSLDX,22804.1992,23071.25,22802.1504,22914.9492,22141000
2025-08-01,^CRSLDX,22901.5996,22917.8496,22646.75,22673.6504,22209200
2025-08-04,^CRSLDX,22699.6992,22871.5996,22648.5996,22860.4004,18958000
2025-08-05,^CRSLDX,22869.5,22878.0996,22736.0508,22798.5,17350900
2025-08-06,^CRSLDX,22807.5508,22818.1992,22622.3496,22666.8496,15763400
2025-08-07,^CRSLDX,22563.4004,22726.9004,22425.8496,22694.0996,20517000
2025-08-08,^CRSLDX,22680.9004,22690.3496,22419.6992,22443.1504,17064600
2025-08-11,^CRSLDX,22447.5508,22650.0996,22406.0,22633.4492,15385700
2025-08-12,^CRSLDX,22633.6504,22730.25,22554.3008,22568.5996,15129600
2025-08-13,^CRSLDX,22655.1504,22733.8008,22624.4492,22698.0996,20941400
2025-08-14,^CRSLDX,22713.6504,22754.1504,22646.6992,22680.25,20569500
2025-08-18,^CRSLDX,22958.3008,23040.8496,22913.0508,22931.5,23896800
2025-08-19,^CRSLDX,22959.5,23077.0996,22908.1504,23066.5996,23250400
2025-08-20,^CRSLDX,23067.6992,23171.1504,23025.8496,23143.1504,29253300
2025-08-21,^CRSLDX,23221.75,23230.9492,23126.75,23137.1504,23429200
2025-08-22,^CRSLDX,23133.8496,23144.5508,22980.8496,22991.3008,32235300
2025-08-25,^CRSLDX,23069.3008,23106.9004,23022.0996,23052.0,27455000
2025-08-26,^CRSLDX,22994.8496,23013.0508,22746.75,22768.6504,44479200
2025-08-28,^CRSLDX,22762.25,22762.25,22529.5996,22541.6504,29189400
2025-08-29,^CRSLDX,22524.1504,22624.6992,22443.8008,22462.9492,28764200
2025-09-01,^CRSLDX,22491.9004,22720.5508,22491.9004,22713.5508,27115300
2025-09-02,^CRSLDX,22758.1992,22858.1992,22678.4492,22724.4004,27193100
2025-09-03,^CRSLDX,22764.0,22877.3496,22709.1992,22864.6504,30994300
2025-09-04,^CRSLDX,23116.9004,23116.9004,22795.0,22819.6504,30118100
2025-09-05,^CRSLDX,22891.75,22916.0,22718.5,22829.1504,34473200
2025-09-08,^CRSLDX,22892.8008,22974.8496,22835.9004,22878.6504,22996300
2025-09-09,^CRSLDX,22949.5508,22964.0508,22893.0508,22949.0996,20109300
2025-09-10,^CRSLDX,23056.8008,23121.75,23027.0508,23074.1504,23676100
2025-09-11,^CRSLDX,23073.4492,23128.5508,23065.6992,23102.6504,21459700
2025-09-12,^CRSLDX,23171.5508,23210.4004,23129.9004,23190.25,25960500
2025-09-15,^CRSLDX,23213.1504,23249.1992,23182.0508,23215.8496,33099500
2025-09-16,^CRSLDX,23240.25,23386.6504,23217.3008,23369.3008,23720000
2025-09-17,^CRSLDX,23419.0996,23464.4004,23395.75,23445.1992,22655400
2025-09-18,^CRSLDX,23534.1504,23538.9004,23434.4492,23518.9004,21229100
2025-09-19,^CRSLDX,23530.5996,23541.3008,23451.5996,23486.6504,49270900
2025-09-22,^CRSLDX,23434.75,23523.5508,23335.0996,23381.4492,26249700
2025-09-23,^CRSLDX,23408.1992,23434.3008,23253.0996,23325.25,29750900
2025-09-24,^CRSLDX,23293.4004,23317.1992,23165.9492,23178.25,22385600
2025-09-25,^CRSLDX,23169.4492,23235.5508,23009.5508,23022.4004,23143600
2025-09-26,^CRSLDX,22965.9004,22994.1504,22692.6992,22713.1504,30633900
2025-09-29,^CRSLDX,22783.9004,22865.0996,22677.0,22739.0996,27084600
2025-09-30,^CRSLDX,22793.6504,22829.1992,22669.3008,22734.0996,21800300
2025-10-01,^CRSLDX,22745.9492,22943.1992,22726.25,22928.3008,23002400
2025-10-03,^CRSLDX,22905.0996,23037.5,22874.1504,23027.6992,24935400
2025-10-06,^CRSLDX,23055.1504,23177.25,23008.3008,23169.6504,26990400
2025-10-07,^CRSLDX,23191.3496,23275.0996,23170.8496,23209.5,29565400
2025-10-08,^CRSLDX,23197.9492,23265.1992,23087.9004,23109.3496,25463900
2025-10-09,^CRSLDX,23144.3008,23251.6504,23101.8496,23241.75,21819900
2025-10-10,^CRSLDX,23247.4492,23374.25,23220.0508,23337.5508,28175300
2025-10-13,^CRSLDX,23245.0508,23315.6504,23201.5508,23294.8008,26231000
2025-10-14,^CRSLDX,23349.75,23374.0,23121.5,23184.0508,23464300
2025-10-15,^CRSLDX,23227.5508,23400.9492,23224.1504,23377.3496,23139300
2025-10-16,^CRSLDX,23443.3008,23592.8496,23428.1504,23563.8008,22457600
2025-10-17,^CRSLDX,23547.0,23679.0508,23515.8496,23598.0508,24249000
2025-10-20,^CRSLDX,23699.3496,23766.5508,23654.75,23716.0996,23663900
2025-10-21,^CRSLDX,23791.9004,23818.3496,23723.4004,23759.1992,5545000
2025-10-23,^CRSLDX,23899.75,23926.0996,23727.5996,23755.9004,33809000
2025-10-24,^CRSLDX,23796.1992,23802.75,23622.8008,23686.5996,23861200
2025-10-27,^CRSLDX,23742.6992,23856.3008,23723.4004,23840.9004,47146700
2025-10-28,^CRSLDX,23844.75,23907.5508,23717.0508,23812.5508,33996800
2025-10-29,^CRSLDX,23851.5508,23971.5508,23821.3008,23952.4004,30359000
2025-10-30,^CRSLDX,23933.6504,23949.75,23804.4492,23841.3008,47770900
2025-10-31,^CRSLDX,23847.5996,23913.4492,23698.0508,23710.4004,32133500
2025-11-03,^CRSLDX,23711.9492,23840.0996,23695.1504,23810.6992,3860300
2025-11-04,^CRSLDX,23811.3008,23829.6992,23660.1992,23675.4492,31284700
2025-11-06,^CRSLDX,23683.3496,23713.4004,23501.0508,23513.1504,26246000
2025-11-07,^CRSLDX,23441.0508,23570.0996,23291.1992,23521.5,28762600
2025-11-10,^CRSLDX,23545.3496,23658.8496,23542.0996,23596.9004,20824200
2025-11-11,^CRSLDX,23634.6504,23693.8008,23476.3008,23682.6504,36093900
2025-11-12,^CRSLDX,23796.9492,23874.8496,23766.1992,23836.9004,27828600
2025-11-13,^CRSLDX,23867.6504,23935.0996,23793.6504,23816.0,30243400
2025-11-14,^CRSLDX,23751.25,23858.3008,23717.0,23836.3496,39640500
2025-11-17,^CRSLDX,23889.5508,23964.75,23863.5508,23954.5508,26483000
2025-11-18,^CRSLDX,23970.4492,23973.0508,23800.9492,23824.6504,21125900
2025-11-19,^CRSLDX,23832.5508,23924.3008,23766.5996,23906.3008,25934900
2025-11-20,^CRSLDX,23984.4004,24032.0996,23918.8008,23975.4492,29557000
2025-11-21,^CRSLDX,23917.5,23938.3008,23776.3008,23790.25,22985900
2025-11-24,^CRSLDX,23827.25,23835.1992,23642.5508,23674.5508,29594500
2025-11-25,^CRSLDX,23700.5508,23745.5,23635.8008,23655.0508,20539800
2025-11-26,^CRSLDX,23654.75,23965.3496,23654.75,23955.1992,18996600
2025-11-27,^CRSLDX,24011.9004,24026.25,23879.5996,23947.75,19974200
2025-11-28,^CRSLDX,23968.8008,23979.6992,23907.75,23933.1992,19209800
2025-12-01,^CRSLDX,24034.9492,24035.0,23871.75,23922.4492,21160800
2025-12-02,^CRSLDX,23870.5996,23925.8496,23782.75,23822.25,27952000
2025-12-03,^CRSLDX,23813.4492,23845.8008,23641.75,23716.3008,28046000
2025-12-04,^CRSLDX,23718.0996,23820.4492,23680.25,23741.0996,26417400
2025-12-05,^CRSLDX,23720.6992,23848.4492,23672.3496,23835.25,23079200
2025-12-08,^CRSLDX,23821.75,23833.1504,23460.6992,23526.1992,24509100
2025-12-09,^CRSLDX,23447.0508,23556.3496,23259.6992,23516.25,26228000
2025-12-10,^CRSLDX,23540.1504,23628.3008,23386.8008,23408.8008,19928500
2025-12-11,^CRSLDX,23421.9004,23562.1504,23344.25,23550.8496,24370000
2025-12-12,^CRSLDX,23620.3496,23737.6992,23613.0,23726.1992,26020800
2025-12-15,^CRSLDX,23654.0,23735.6992,23591.3008,23725.1992,24287600
2025-12-16,^CRSLDX,23676.8008,23687.3496,23542.5508,23570.1504,20919100
2025-12-17,^CRSLDX,23597.5996,23635.0508,23449.5,23496.0508,20646900
2025-12-18,^CRSLDX,23469.8008,23553.25,23363.5,23491.5,23446500
2025-12-19,^CRSLDX,23562.6504,23688.3496,23548.9492,23677.5508,31695900
2025-12-22,^CRSLDX,23760.9492,23878.6504,23743.25,23867.6504,25155300
2025-12-23,^CRSLDX,23906.0996,23929.25,23825.1504,23895.1504,26039700
2025-12-24,^CRSLDX,23903.0996,23956.8008,23836.5508,23850.25,19661100
2025-12-26,^CRSLDX,23841.9492,23885.3496,23752.5508,23780.25,22264400
2025-12-29,^CRSLDX,23804.4004,23826.75,23660.3008,23682.0996,24245800
2025-12-30,^CRSLDX,23675.3008,23704.1992,23599.9004,23668.8008,33582300
2025-12-31,^CRSLDX,23710.4492,23921.4492,23709.5508,23871.5508,52722700
